<?xml version="1.0" encoding="UTF-8" standalone="yes"?>
<processModelFolderHaul xmlns:a="http://www.appian.com/ae/types/2009">
    <versionUuid>_g-0000e311-1855-8000-f92f-7f0000014e7a_11</versionUuid>
    <processModelFolder>
        <name>CICD Process Models</name>
        <uuid>_g-0000e311-1855-8000-f92f-7f0000014e7a_9</uuid>
        <description>Test process  models for CICS</description>
    </processModelFolder>
    <roleMap>
        <role name="ADMIN_OWNER">
            <users/>
            <groups/>
        </role>
        <role name="EDITOR">
            <users/>
            <groups/>
        </role>
        <role name="EXPLICIT_NONMEMBER">
            <users/>
            <groups/>
        </role>
        <role name="VIEWER">
            <users/>
            <groups/>
        </role>
        <role name="MANAGER">
            <users/>
            <groups/>
        </role>
        <role name="INITIATOR">
            <users/>
            <groups/>
        </role>
    </roleMap>
    <history>
        <historyInfo versionUuid="_g-0000e311-1855-8000-f92f-7f0000014e7a_11"/>
    </history>
</processModelFolderHaul>
